feature,perm_importance_rmse
speed_limit,0.07190653392345372
public_road,0.06842494360790774
road_signs_present,0.06194027832806011
holiday,0.022686529892975267
lighting=daylight,0.00266632237592303
road_type=highway,1.0555304947940102e-05
curvature,5.310029369859359e-06
school_season,2.409153153082322e-06
num_reported_accidents,2.0864594616448738e-06
road_type=urban,5.243513813341094e-07
id,3.5361356715002404e-08
num_lanes,-4.305853123498515e-08
road_type=rural,-3.9888956453182356e-07
